id,cargo,pick_up,drop_off,valid
1,"[12, 42, standard]","{lat: 33.78015129657219,lng: -84.34128279641483}","{lat: 33.662866638790945,lng: -84.26739402810634}",false
2,"[15, 66, standard]","{lat: 33.67918330535613,lng: -84.360883773474}","{lat: 33.57237551599894,lng: -84.50336001599308}",false
3,"[14, 44, standard]","{lat: 33.767194590115466,lng: -84.31555599645009}","{lat: 33.82894202681698,lng: -84.43900161028442}",false
4,"[22, 61, standard]","{lat: 33.71754909733738,lng: -84.37940795109829}","{lat: 33.6728838918679,lng: -84.31329209494207}",false
5,"[14, 5, standard]","{lat: 33.78439410985889,lng: -84.31532719431483}","{lat: 33.74250587937217,lng: -84.28325087699723}",false
6,"[8, 45, standard]","{lat: 33.72110053113881,lng: -84.31175973018387}","{lat: 33.66646713309414,lng: -84.35525535320771}",false
7,"[16, 41, standard]","{lat: 33.79003842342497,lng: -84.44566994456967}","{lat: 33.822326129070134,lng: -84.5146828846554}",true
8,"[25, 39, standard]","{lat: 33.74790915622749,lng: -84.45989657626444}","{lat: 33.893405823669625,lng: -84.53842404647865}",false
9,"[15, 24, standard]","{lat: 33.70271025097195,lng: -84.4420974331982}","{lat: 33.570603292873614,lng: -84.36075215319391}",false
10,"[10, 66, standard]","{lat: 33.69133410473247,lng: -84.34918809791104}","{lat: 33.623145891614,lng: -84.33212451513788}",false
11,"[22, 69, standard]","{lat: 33.734437538955106,lng: -84.43732913732325}","{lat: 33.80723783970256,lng: -84.45200113858444}",false
12,"[12, 75, standard]","{lat: 33.72254371003358,lng: -84.30517496229652}","{lat: 33.71955491146218,lng: -84.14098869648954}",false
13,"[21, 52, standard]","{lat: 33.795644901353434,lng: -84.40066139625178}","{lat: 33.81222230583063,lng: -84.3078301390899}",false
14,"[9, 57, standard]","{lat: 33.73991334181847,lng: -84.39823306685503}","{lat: 33.69661497962643,lng: -84.53050712893186}",false
15,"[2, 50, standard]","{lat: 33.68858617662566,lng: -84.43160695722015}","{lat: 33.762885359887186,lng: -84.28109717706296}",false
16,"[4, 78, standard]","{lat: 33.80919589621664,lng: -84.32830294715602}","{lat: 33.8186272105653,lng: -84.4856294276073}",false
17,"[20, 70, standard]","{lat: 33.6996454817307,lng: -84.4383421499987}","{lat: 33.754092106473145,lng: -84.37407656494648}",false
18,"[25, 57, standard]","{lat: 33.726796455527285,lng: -84.45530448070214}","{lat: 33.56754520222367,lng: -84.38449884656677}",false
19,"[15, 8, standard]","{lat: 33.74753928100991,lng: -84.40301632984536}","{lat: 33.761053278638684,lng: -84.44299170218986}",true
20,"[1, 22, standard]","{lat: 33.70307405926103,lng: -84.31767650895804}","{lat: 33.74194028662044,lng: -84.49177424459144}",false
21,"[23, 54, standard]","{lat: 33.772573717591854,lng: -84.43589092404936}","{lat: 33.91470825940032,lng: -84.48622663065659}",false
22,"[8, 23, standard]","{lat: 33.76648440767851,lng: -84.47138120314274}","{lat: 33.910852440941,lng: -84.47650452866415}",false
23,"[4, 58, standard]","{lat: 33.69649494522383,lng: -84.35427669088675}","{lat: 33.54473037590457,lng: -84.34214073892785}",false
24,"[19, 5, standard]","{lat: 33.68730621872909,lng: -84.34736226549093}","{lat: 33.67204086369847,lng: -84.20892398683091}",false
25,"[16, 20, standard]","{lat: 33.75584987824977,lng: -84.31248423101101}","{lat: 33.690051223287064,lng: -84.2977405698977}",false
26,"[15, 62, standard]","{lat: 33.718362391558806,lng: -84.44466912957563}","{lat: 33.8784743078981,lng: -84.44853344855686}",false
27,"[17, 75, standard]","{lat: 33.67720148354069,lng: -84.39378070857919}","{lat: 33.64033202960016,lng: -84.27300937680772}",false
28,"[8, 8, standard]","{lat: 33.789423329148676,lng: -84.33778167399572}","{lat: 33.79782095779295,lng: -84.3724566034155}",false
29,"[20, 50, standard]","{lat: 33.67840241137218,lng: -84.42538372271142}","{lat: 33.593485875886216,lng: -84.44101336428723}",false
30,"[8, 72, standard]","{lat: 33.84016536952326,lng: -84.39388571229087}","{lat: 33.72467399820155,lng: -84.27499115210166}",false
31,"[10, 3, standard]","{lat: 33.80567010889745,lng: -84.43946254730221}","{lat: 33.91941449245668,lng: -84.4434809363759}",false
32,"[7, 27, standard]","{lat: 33.77886658293177,lng: -84.38469172397492}","{lat: 33.85878384545972,lng: -84.28437014744698}",false
33,"[3, 49, standard]","{lat: 33.776346158672695,lng: -84.37240390176676}","{lat: 33.654715955496044,lng: -84.50165463711386}",false
34,"[20, 58, standard]","{lat: 33.802434158430444,lng: -84.41085935171442}","{lat: 33.727626354951695,lng: -84.42680654276856}",false
35,"[5, 53, standard]","{lat: 33.74740267722246,lng: -84.46677113482923}","{lat: 33.731079270399164,lng: -84.29392770995877}",false
36,"[22, 67, standard]","{lat: 33.782910454867164,lng: -84.44617947486731}","{lat: 33.85973027155113,lng: -84.55216422244669}",false
37,"[3, 40, standard]","{lat: 33.75366598813592,lng: -84.40974892191393}","{lat: 33.722378838968474,lng: -84.45407340075698}",false
38,"[14, 5, standard]","{lat: 33.79537823461287,lng: -84.38694454218648}","{lat: 33.8128322413651,lng: -84.32519623057524}",false
39,"[23, 57, standard]","{lat: 33.774120168100694,lng: -84.31739222194459}","{lat: 33.75145073160486,lng: -84.44690950483889}",false
40,"[16, 29, standard]","{lat: 33.81287006666599,lng: -84.40425069146427}","{lat: 33.65190020494989,lng: -84.45496745326163}",false
41,"[19, 61, standard]","{lat: 33.81716284537862,lng: -84.41393222891581}","{lat: 33.82334283944709,lng: -84.42403833088352}",true
42,"[9, 8, standard]","{lat: 33.757772039148996,lng: -84.36120513666216}","{lat: 33.709402555011096,lng: -84.41249428290602}",false
43,"[10, 74, standard]","{lat: 33.7713797348693,lng: -84.3688120669996}","{lat: 33.64730023310353,lng: -84.35399053739464}",false
44,"[7, 38, standard]","{lat: 33.820125294796995,lng: -84.33276531261441}","{lat: 33.74736237293943,lng: -84.46948855347941}",false
45,"[4, 66, standard]","{lat: 33.77206386760634,lng: -84.45662062522946}","{lat: 33.8598460916978,lng: -84.5545420254013}",false
46,"[14, 2, standard]","{lat: 33.77104943201656,lng: -84.32459151667906}","{lat: 33.70595810375036,lng: -84.46876557987815}",false
47,"[10, 24, standard]","{lat: 33.753210596797,lng: -84.42883847178796}","{lat: 33.78165855793821,lng: -84.48712925675804}",false
48,"[17, 40, standard]","{lat: 33.77671075683562,lng: -84.32361362561444}","{lat: 33.68760535559243,lng: -84.43782885705663}",false
49,"[8, 12, standard]","{lat: 33.77460405924254,lng: -84.36928177887795}","{lat: 33.65840983868441,lng: -84.50476838415955}",false
50,"[7, 38, standard]","{lat: 33.79874614371589,lng: -84.32248844795512}","{lat: 33.90941650480354,lng: -84.1994869629838}",false
51,"[19, 78, standard]","{lat: 33.84052025848629,lng: -84.39568143752695}","{lat: 33.71784715960339,lng: -84.4673751746602}",false
52,"[11, 25, standard]","{lat: 33.727457789987646,lng: -84.3827381639139}","{lat: 33.54915396286389,lng: -84.37185889295677}",true
53,"[8, 54, standard]","{lat: 33.73885548743261,lng: -84.47504282812906}","{lat: 33.87303061381726,lng: -84.42237063428844}",false
54,"[7, 52, standard]","{lat: 33.753534352047566,lng: -84.41386145526832}","{lat: 33.73156844147946,lng: -84.50524349433066}",false
55,"[23, 57, standard]","{lat: 33.731850682144795,lng: -84.47237024937081}","{lat: 33.67496237793753,lng: -84.45226023355312}",false
56,"[24, 32, standard]","{lat: 33.75530664685523,lng: -84.41823579370575}","{lat: 33.83548409701089,lng: -84.43244750402948}",false
57,"[2, 17, standard]","{lat: 33.75093276157682,lng: -84.33251048926054}","{lat: 33.822772169289024,lng: -84.18621452200769}",false
58,"[4, 24, standard]","{lat: 33.75341540509658,lng: -84.36107935253258}","{lat: 33.86620933794328,lng: -84.42567852310388}",false
59,"[19, 44, standard]","{lat: 33.750851869471255,lng: -84.43588080190243}","{lat: 33.80867721553145,lng: -84.35209122776266}",false
60,"[13, 71, standard]","{lat: 33.75342200100076,lng: -84.43292315433476}","{lat: 33.92361632336922,lng: -84.38757709026072}",false
61,"[16, 13, standard]","{lat: 33.67048740884775,lng: -84.41890704566522}","{lat: 33.60727886828822,lng: -84.57289726143631}",false
62,"[1, 65, standard]","{lat: 33.807786794293015,lng: -84.44427750918949}","{lat: 33.867741983357384,lng: -84.52264897129524}",false
63,"[9, 31, standard]","{lat: 33.71082493280967,lng: -84.400370059899}","{lat: 33.80041859804422,lng: -84.42799841170886}",false
64,"[25, 25, standard]","{lat: 33.6946453151911,lng: -84.40422073673402}","{lat: 33.82163465945821,lng: -84.3951092442338}",false
65,"[22, 36, standard]","{lat: 33.78370295550827,lng: -84.35773897203407}","{lat: 33.91943477515181,lng: -84.36875607831033}",false
66,"[16, 43, standard]","{lat: 33.74956240140925,lng: -84.34191370004858}","{lat: 33.728259935240075,lng: -84.49981111924393}",false
67,"[20, 53, standard]","{lat: 33.70153750061457,lng: -84.37777157190959}","{lat: 33.53708640631742,lng: -84.42951134633549}",false
68,"[11, 8, standard]","{lat: 33.73116780836223,lng: -84.37767800933848}","{lat: 33.705281451752995,lng: -84.45869018918778}",false
69,"[8, 40, standard]","{lat: 33.7339578679996,lng: -84.30454772191501}","{lat: 33.63680046419961,lng: -84.32434987517244}",false
70,"[10, 1, standard]","{lat: 33.792447336029724,lng: -84.38367423291707}","{lat: 33.86061116575492,lng: -84.40595243846828}",true
71,"[9, 11, standard]","{lat: 33.734743334404236,lng: -84.31846411926587}","{lat: 33.742883902340886,lng: -84.38556567546293}",false
72,"[16, 38, standard]","{lat: 33.740691805032824,lng: -84.46448686170463}","{lat: 33.663602293361194,lng: -84.32925023384979}",false
73,"[2, 17, standard]","{lat: 33.82066426918849,lng: -84.43514571494443}","{lat: 33.96900358449,lng: -84.416653009707}",false
74,"[19, 43, standard]","{lat: 33.75542689494898,lng: -84.41898815202295}","{lat: 33.73278822574244,lng: -84.24453110884828}",true
75,"[17, 75, standard]","{lat: 33.773608661666515,lng: -84.43540003668195}","{lat: 33.89658387135336,lng: -84.46513038151834}",false
76,"[2, 30, standard]","{lat: 33.7482000077083,lng: -84.38236951974577}","{lat: 33.74296488864607,lng: -84.5502327903658}",false
77,"[17, 6, standard]","{lat: 33.69607634281861,lng: -84.36629574584671}","{lat: 33.82681107109553,lng: -84.32459447297933}",false
78,"[3, 39, standard]","{lat: 33.696672509184275,lng: -84.440840837117}","{lat: 33.79899608105403,lng: -84.5767212700071}",false
79,"[7, 44, standard]","{lat: 33.75797666660535,lng: -84.44152624909587}","{lat: 33.88487351938667,lng: -84.54509556314498}",false
80,"[3, 24, standard]","{lat: 33.73448096351845,lng: -84.31065443234876}","{lat: 33.82813564802006,lng: -84.29431051215738}",false
81,"[4, 24, standard]","{lat: 33.74615792472939,lng: -84.31274421200827}","{lat: 33.90363746728025,lng: -84.39873506899427}",false
82,"[24, 72, standard]","{lat: 33.78688878642606,lng: -84.43296136092285}","{lat: 33.724438459677984,lng: -84.57755910292153}",false
83,"[23, 38, standard]","{lat: 33.71377704573918,lng: -84.43961158802688}","{lat: 33.72828479269803,lng: -84.31909059917241}",false
84,"[4, 25, standard]","{lat: 33.668527523389734,lng: -84.3860284445486}","{lat: 33.64884124273787,lng: -84.22212220796125}",false
85,"[21, 71, standard]","{lat: 33.74586255377237,lng: -84.47331983471153}","{lat: 33.58308548188979,lng: -84.48855652923062}",false
86,"[9, 30, standard]","{lat: 33.74320693497625,lng: -84.33293610031818}","{lat: 33.85819585741849,lng: -84.35391002684342}",false
87,"[21, 14, standard]","{lat: 33.71166053486746,lng: -84.41491750259254}","{lat: 33.591440460671116,lng: -84.35116539138707}",false
88,"[17, 76, standard]","{lat: 33.808968902582116,lng: -84.44734002240138}","{lat: 33.825334252354665,lng: -84.2930784325695}",false
89,"[16, 41, standard]","{lat: 33.792447599903845,lng: -84.3366559967648}","{lat: 33.942908245781304,lng: -84.37675044013251}",false
90,"[1, 14, standard]","{lat: 33.780537883013004,lng: -84.40364053443928}","{lat: 33.73768629525825,lng: -84.28424143067542}",false
91,"[13, 36, standard]","{lat: 33.744118806398426,lng: -84.42608003463262}","{lat: 33.65126576177907,lng: -84.4190289313}",false
92,"[2, 64, standard]","{lat: 33.80711650472834,lng: -84.36641157472376}","{lat: 33.915444928037296,lng: -84.3207603088178}",false
93,"[15, 37, standard]","{lat: 33.74081135662503,lng: -84.47042992040679}","{lat: 33.91928040417039,lng: -84.4660022297711}",false
94,"[11, 70, standard]","{lat: 33.76759021952978,lng: -84.31656953644193}","{lat: 33.89357574283901,lng: -84.43859178830394}",false
95,"[20, 76, standard]","{lat: 33.7384589568802,lng: -84.38457486869473}","{lat: 33.89230555092206,lng: -84.42078137016169}",false
96,"[2, 37, standard]","{lat: 33.811384580661425,lng: -84.37522708135499}","{lat: 33.82726721217182,lng: -84.54451779759455}",false
97,"[14, 52, standard]","{lat: 33.82583272997941,lng: -84.36149174219076}","{lat: 33.64732119073928,lng: -84.3466049430247}",false
98,"[19, 43, standard]","{lat: 33.71716653789502,lng: -84.39964086293318}","{lat: 33.64643794787824,lng: -84.34941596910633}",false
99,"[4, 15, standard]","{lat: 33.75995308820419,lng: -84.32583744962946}","{lat: 33.59915127180936,lng: -84.26385335117607}",false
100,"[6, 75, standard]","{lat: 33.725436366459604,lng: -84.3489047040421}","{lat: 33.84689310707293,lng: -84.34648328494994}",false
101,"[16, 58, standard]","{lat: 33.73108742150657,lng: -84.37278714901566}","{lat: 33.76738731893502,lng: -84.48612958580917}",false
102,"[11, 71, standard]","{lat: 33.7344600599701,lng: -84.41321195260703}","{lat: 33.65677243928585,lng: -84.55151052797105}",false
103,"[14, 32, standard]","{lat: 33.68890501824122,lng: -84.40032632661955}","{lat: 33.76917657100822,lng: -84.35355798248963}",false
104,"[18, 70, standard]","{lat: 33.793111599169585,lng: -84.42445379565491}","{lat: 33.669272685671494,lng: -84.36306176491308}",false
105,"[9, 58, standard]","{lat: 33.76121704018197,lng: -84.38112804808817}","{lat: 33.82219974560313,lng: -84.38599936998837}",true
106,"[9, 38, standard]","{lat: 33.82319193705656,lng: -84.43256599309557}","{lat: 33.85584748863632,lng: -84.57317279348636}",false
107,"[5, 63, standard]","{lat: 33.75252249861382,lng: -84.44434192102983}","{lat: 33.72467207993076,lng: -84.40245981590624}",false
108,"[24, 16, standard]","{lat: 33.699080395047645,lng: -84.35873530699598}","{lat: 33.815305356940044,lng: -84.37345230797555}",false
109,"[6, 10, standard]","{lat: 33.797602433585624,lng: -84.45561440212317}","{lat: 33.78244367344326,lng: -84.41162626968978}",false
110,"[15, 25, standard]","{lat: 33.69337692381975,lng: -84.35053008280933}","{lat: 33.62368381942899,lng: -84.21605625319076}",false
111,"[21, 60, standard]","{lat: 33.726139689225896,lng: -84.435139649117}","{lat: 33.82530139370123,lng: -84.53084791929683}",false
112,"[10, 20, standard]","{lat: 33.68192506615069,lng: -84.4090955202494}","{lat: 33.688141022735095,lng: -84.23076690458254}",false
113,"[14, 45, standard]","{lat: 33.700922143133596,lng: -84.38924207020636}","{lat: 33.79989110653932,lng: -84.51396628750933}",false
114,"[7, 71, standard]","{lat: 33.73064959909078,lng: -84.47282483107921}","{lat: 33.61770499136786,lng: -84.55647263661503}",false
115,"[1, 50, standard]","{lat: 33.75307213289546,lng: -84.34374766314515}","{lat: 33.70315742248665,lng: -84.3237660467041}",false
116,"[7, 76, standard]","{lat: 33.671642212904324,lng: -84.39950320993113}","{lat: 33.58022283221771,lng: -84.45244989783005}",false
117,"[3, 75, standard]","{lat: 33.76181329204477,lng: -84.42992305461317}","{lat: 33.75019111278143,lng: -84.38688781852893}",true
118,"[13, 15, standard]","{lat: 33.71843948849909,lng: -84.43736863411485}","{lat: 33.72454034777846,lng: -84.489799465315}",false
119,"[12, 75, standard]","{lat: 33.73614599030122,lng: -84.42972529689408}","{lat: 33.67211652049498,lng: -84.46881494766615}",false
120,"[13, 12, standard]","{lat: 33.811844726395066,lng: -84.38261644404031}","{lat: 33.7846180492988,lng: -84.35589175945262}",false
121,"[7, 3, standard]","{lat: 33.72629985309403,lng: -84.43671165444488}","{lat: 33.71542981275881,lng: -84.55524428935067}",false
122,"[25, 64, standard]","{lat: 33.75321274965646,lng: -84.34640817340984}","{lat: 33.774461842427414,lng: -84.18982412439067}",false
123,"[23, 30, standard]","{lat: 33.68472375852367,lng: -84.35261621660632}","{lat: 33.56542620457503,lng: -84.45833639253205}",false
124,"[24, 45, standard]","{lat: 33.79822254203035,lng: -84.4493859272221}","{lat: 33.877518644059734,lng: -84.29812899172047}",false
125,"[16, 20, standard]","{lat: 33.74329520092951,lng: -84.45363049543384}","{lat: 33.709833525248044,lng: -84.39899984391332}",false
126,"[7, 16, standard]","{lat: 33.82923796039922,lng: -84.38356142003144}","{lat: 33.97065395773984,lng: -84.45429767255348}",false
127,"[25, 13, standard]","{lat: 33.80801977398459,lng: -84.35288337734985}","{lat: 33.91383607822752,lng: -84.39692256060441}",false
128,"[5, 76, standard]","{lat: 33.69772163330782,lng: -84.3607197255463}","{lat: 33.6366449205687,lng: -84.52927386863529}",false
129,"[23, 2, standard]","{lat: 33.710118873425586,lng: -84.44659259116827}","{lat: 33.66728332632067,lng: -84.43131163561961}",false
130,"[8, 28, standard]","{lat: 33.73256759388546,lng: -84.34025676242912}","{lat: 33.71726547130954,lng: -84.42976302348251}",false
131,"[5, 9, standard]","{lat: 33.68566742851873,lng: -84.38227632543644}","{lat: 33.74689926216436,lng: -84.48032246972743}",false
132,"[16, 37, standard]","{lat: 33.708175863163895,lng: -84.40727540256657}","{lat: 33.755290179159594,lng: -84.47785641398163}",false
133,"[20, 51, standard]","{lat: 33.701375747606974,lng: -84.32723141950983}","{lat: 33.63837046030833,lng: -84.32697208628272}",false
134,"[15, 14, standard]","{lat: 33.73297423624701,lng: -84.44603044295181}","{lat: 33.77017054831425,lng: -84.43332975833839}",false
135,"[13, 47, standard]","{lat: 33.726129919012536,lng: -84.41414665850928}","{lat: 33.66962193865037,lng: -84.34368496251314}",false
136,"[25, 15, standard]","{lat: 33.77141124115453,lng: -84.43787397072134}","{lat: 33.61816589719436,lng: -84.47568812041864}",false
137,"[4, 77, standard]","{lat: 33.77172676777411,lng: -84.32388678209689}","{lat: 33.78359422700967,lng: -84.47267546129295}",false
138,"[5, 41, standard]","{lat: 33.7254111628164,lng: -84.4423666499912}","{lat: 33.69530013371482,lng: -84.34398688401544}",false
139,"[21, 30, standard]","{lat: 33.72896248440285,lng: -84.35360255559988}","{lat: 33.87291864924769,lng: -84.39626983998915}",false
140,"[12, 28, standard]","{lat: 33.747406595202584,lng: -84.31076534275125}","{lat: 33.69574440665086,lng: -84.16301396937783}",false
141,"[13, 1, standard]","{lat: 33.694751239623926,lng: -84.44538892708988}","{lat: 33.57199465618783,lng: -84.40872105094105}",false
142,"[1, 40, standard]","{lat: 33.70296976722407,lng: -84.34827161313699}","{lat: 33.56896340724583,lng: -84.29079760983115}",false
143,"[12, 8, standard]","{lat: 33.74113949931319,lng: -84.47320598154913}","{lat: 33.72121508217746,lng: -84.32870874956019}",false
144,"[10, 51, standard]","{lat: 33.703069123336014,lng: -84.33500035706503}","{lat: 33.80304456479695,lng: -84.47252320781956}",false
145,"[18, 40, standard]","{lat: 33.73767055019728,lng: -84.46609843434611}","{lat: 33.64433519500088,lng: -84.51358548260926}",false
146,"[14, 36, standard]","{lat: 33.759270945724914,lng: -84.33914450365211}","{lat: 33.65967438127486,lng: -84.24144991674864}",false
147,"[9, 66, standard]","{lat: 33.83952971105622,lng: -84.3731431144583}","{lat: 33.92969299606765,lng: -84.51063643739958}",false
148,"[5, 42, standard]","{lat: 33.73675571873484,lng: -84.31794520614376}","{lat: 33.805252051675566,lng: -84.41329451211826}",false
149,"[4, 34, standard]","{lat: 33.744043294709904,lng: -84.38980013462537}","{lat: 33.675501085684814,lng: -84.54125296489458}",false
150,"[16, 44, standard]","{lat: 33.81839120617023,lng: -84.39151261951959}","{lat: 33.71261246766909,lng: -84.34686164144287}",false
151,"[15, 23, standard]","{lat: 33.726014566135255,lng: -84.32804890195563}","{lat: 33.702227440075774,lng: -84.38777568323478}",false
152,"[8, 48, standard]","{lat: 33.742780449218614,lng: -84.40322229008397}","{lat: 33.862585455615005,lng: -84.49318401320588}",false
153,"[4, 44, standard]","{lat: 33.83557928070738,lng: -84.39620610162805}","{lat: 33.78537176057151,lng: -84.46771769785613}",false
154,"[14, 56, standard]","{lat: 33.74597287351472,lng: -84.37000457417312}","{lat: 33.68158728825841,lng: -84.40909151490739}",false
155,"[17, 70, standard]","{lat: 33.787407746049155,lng: -84.33696489255847}","{lat: 33.75213478906394,lng: -84.51018079134644}",false
156,"[15, 14, standard]","{lat: 33.80450705831407,lng: -84.39460615268315}","{lat: 33.81962132241547,lng: -84.55830185540466}",false
157,"[21, 4, standard]","{lat: 33.669627156508554,lng: -84.40884523494636}","{lat: 33.5296413657972,lng: -84.4077343473021}",false
158,"[9, 55, standard]","{lat: 33.71673506256642,lng: -84.37057586412269}","{lat: 33.74899938681208,lng: -84.34838538757064}",false
159,"[24, 15, standard]","{lat: 33.768064074864114,lng: -84.43399438345371}","{lat: 33.6494176379507,lng: -84.33419485889438}",false
160,"[20, 28, standard]","{lat: 33.74210523049711,lng: -84.39638239582759}","{lat: 33.616646898388936,lng: -84.36188976247506}",false
161,"[20, 67, standard]","{lat: 33.76996040305251,lng: -84.30236747967875}","{lat: 33.837177094046844,lng: -84.45478101724112}",false
162,"[19, 66, standard]","{lat: 33.78563628433866,lng: -84.39196407545131}","{lat: 33.74633987236859,lng: -84.33577584753604}",false
163,"[6, 66, standard]","{lat: 33.82179492286444,lng: -84.42379252550457}","{lat: 33.86379019377856,lng: -84.33207964348536}",false
164,"[6, 65, standard]","{lat: 33.75811265333691,lng: -84.45531527688172}","{lat: 33.78330904338947,lng: -84.33601613506846}",false
165,"[2, 22, standard]","{lat: 33.7319014514403,lng: -84.30433047808945}","{lat: 33.64910110097264,lng: -84.43638417154519}",false
166,"[3, 26, standard]","{lat: 33.70465622009421,lng: -84.44929857588666}","{lat: 33.53850394365243,lng: -84.40767871748724}",false
167,"[23, 4, standard]","{lat: 33.7275795542566,lng: -84.46103950359665}","{lat: 33.81684911086283,lng: -84.3456092989411}",false
168,"[13, 26, standard]","{lat: 33.83860057136169,lng: -84.4042893202298}","{lat: 33.86955471676795,lng: -84.33021181011736}",false
169,"[9, 4, standard]","{lat: 33.79942184162786,lng: -84.33681561068497}","{lat: 33.69738034556612,lng: -84.448219655045}",false
170,"[4, 19, standard]","{lat: 33.79254407305756,lng: -84.4465189203706}","{lat: 33.833531969475,lng: -84.39424400105088}",false
171,"[15, 56, standard]","{lat: 33.70749558908589,lng: -84.4227752899568}","{lat: 33.76418443434691,lng: -84.58431945152859}",false
172,"[22, 67, standard]","{lat: 33.78810266650188,lng: -84.35237291457487}","{lat: 33.90362973121093,lng: -84.4706732219707}",false
173,"[4, 30, standard]","{lat: 33.72135152155529,lng: -84.46740075787734}","{lat: 33.597756546305575,lng: -84.36751665538836}",false
174,"[24, 7, standard]","{lat: 33.68518652637428,lng: -84.38539670302151}","{lat: 33.800531171606494,lng: -84.45976791227575}",false
175,"[16, 7, standard]","{lat: 33.758312952686495,lng: -84.34204892413861}","{lat: 33.756173402914456,lng: -84.35867010249318}",true
176,"[13, 78, standard]","{lat: 33.66568277009514,lng: -84.37954957804082}","{lat: 33.72180896379461,lng: -84.49534271317353}",false
177,"[17, 14, standard]","{lat: 33.74398470592207,lng: -84.31106168637096}","{lat: 33.70185963396263,lng: -84.29279808154581}",false
178,"[25, 14, standard]","{lat: 33.78539259166912,lng: -84.46507817664357}","{lat: 33.796356648639026,lng: -84.60273578584109}",false
179,"[16, 26, standard]","{lat: 33.76978224422026,lng: -84.46035244869434}","{lat: 33.76637894334386,lng: -84.39980052742364}",false
180,"[1, 25, standard]","{lat: 33.77408561505554,lng: -84.46947060641573}","{lat: 33.885596442402445,lng: -84.513380066804}",false
181,"[20, 7, standard]","{lat: 33.74564813341002,lng: -84.3975019909616}","{lat: 33.85637433157991,lng: -84.3060557700869}",false
182,"[4, 20, standard]","{lat: 33.75603637132394,lng: -84.34040384180219}","{lat: 33.68083942305249,lng: -84.34195560291889}",false
183,"[3, 71, standard]","{lat: 33.76983822537587,lng: -84.31017019835869}","{lat: 33.6958424009581,lng: -84.33102022708658}",false
184,"[22, 13, standard]","{lat: 33.7715368056322,lng: -84.38293478182386}","{lat: 33.78424869144453,lng: -84.20998510235088}",false
185,"[19, 33, standard]","{lat: 33.767640709842816,lng: -84.39618575950904}","{lat: 33.806066657628655,lng: -84.47519476432596}",false
186,"[6, 62, standard]","{lat: 33.72448576238445,lng: -84.31107715167893}","{lat: 33.84685518998149,lng: -84.3736486625616}",false
187,"[2, 47, standard]","{lat: 33.75201668019516,lng: -84.47003923527905}","{lat: 33.764634249165375,lng: -84.34501031739966}",false
188,"[19, 21, standard]","{lat: 33.816026894389516,lng: -84.4220243649343}","{lat: 33.77932446993873,lng: -84.30574276936687}",false
189,"[14, 66, standard]","{lat: 33.75044058489694,lng: -84.37827295960521}","{lat: 33.695435638430155,lng: -84.22566872352378}",false
190,"[19, 72, standard]","{lat: 33.68123131610025,lng: -84.43519745212069}","{lat: 33.851354072943586,lng: -84.42634259312791}",false
191,"[13, 69, standard]","{lat: 33.74581859020316,lng: -84.47483359288361}","{lat: 33.587370027426694,lng: -84.50042659274204}",false
192,"[2, 69, standard]","{lat: 33.806803518560834,lng: -84.45211120211681}","{lat: 33.68288001274295,lng: -84.3293707896183}",false
193,"[16, 28, standard]","{lat: 33.68987646740864,lng: -84.37552542681436}","{lat: 33.61996346035167,lng: -84.49504019728775}",false
194,"[18, 49, standard]","{lat: 33.79405012475884,lng: -84.45692265314703}","{lat: 33.67726280307215,lng: -84.44188107627714}",false
195,"[8, 23, standard]","{lat: 33.82456150174585,lng: -84.37866127592464}","{lat: 33.9598362864553,lng: -84.49249085540474}",false
196,"[3, 52, standard]","{lat: 33.728331218633265,lng: -84.46505101575039}","{lat: 33.67357763019784,lng: -84.30861150999762}",false
197,"[7, 64, standard]","{lat: 33.77548622016872,lng: -84.39448847187346}","{lat: 33.75486733270606,lng: -84.49987181420414}",false
198,"[11, 67, standard]","{lat: 33.67878933306472,lng: -84.35396167708325}","{lat: 33.81074542739807,lng: -84.37313490951254}",false
199,"[13, 67, standard]","{lat: 33.80368977659126,lng: -84.38406046089732}","{lat: 33.77460477226803,lng: -84.2378045548117}",false
200,"[24, 9, standard]","{lat: 33.74300849553268,lng: -84.45109627801448}","{lat: 33.71459109877086,lng: -84.3155406862684}",false
201,"[10, 8, standard]","{lat: 33.725133926989464,lng: -84.46331866532503}","{lat: 33.59615061126656,lng: -84.3754562983424}",false
202,"[1, 25, standard]","{lat: 33.824924850936455,lng: -84.38830682193087}","{lat: 33.81835904995717,lng: -84.54401433414365}",false
203,"[11, 71, standard]","{lat: 33.789831480780045,lng: -84.3954820046989}","{lat: 33.81375967740187,lng: -84.4707491472239}",false
204,"[10, 50, standard]","{lat: 33.75851274866626,lng: -84.40513743806437}","{lat: 33.760735800813265,lng: -84.30009641908518}",false
205,"[15, 35, standard]","{lat: 33.71672695162137,lng: -84.34424567928546}","{lat: 33.6895443125538,lng: -84.4099759187627}",false
206,"[5, 8, standard]","{lat: 33.68076844449608,lng: -84.4279801466578}","{lat: 33.784478229434505,lng: -84.56606045127651}",false
207,"[25, 71, standard]","{lat: 33.81606032316289,lng: -84.37533110584718}","{lat: 33.79787824927184,lng: -84.3946918585578}",false
208,"[24, 25, standard]","{lat: 33.7016240708446,lng: -84.38472353330889}","{lat: 33.75958962493383,lng: -84.282003493662}",false
209,"[17, 40, standard]","{lat: 33.761865882944214,lng: -84.33590997567102}","{lat: 33.84292903740833,lng: -84.3617274126103}",false
210,"[6, 11, standard]","{lat: 33.713287835489716,lng: -84.3941517457257}","{lat: 33.643086106357636,lng: -84.28129967765528}",false
211,"[23, 4, standard]","{lat: 33.80231886864532,lng: -84.44555829077552}","{lat: 33.83244973637249,lng: -84.56980324530019}",false
212,"[25, 21, standard]","{lat: 33.77490395322553,lng: -84.33013877639667}","{lat: 33.896261456721525,lng: -84.28195477695843}",false
213,"[6, 56, standard]","{lat: 33.80064810775472,lng: -84.31314931986712}","{lat: 33.81881661784312,lng: -84.35573590819706}",false
214,"[23, 36, standard]","{lat: 33.741099123760115,lng: -84.379506153363}","{lat: 33.81199130538248,lng: -84.42365426363988}",true
215,"[25, 17, standard]","{lat: 33.76210195175764,lng: -84.45057174687429}","{lat: 33.69721369623573,lng: -84.32242947908485}",false
216,"[8, 38, standard]","{lat: 33.70165872571066,lng: -84.3678684272274}","{lat: 33.83583448761208,lng: -84.26639408597804}",false
217,"[5, 74, standard]","{lat: 33.7540087806549,lng: -84.3023382694452}","{lat: 33.783620490742386,lng: -84.18271694566714}",false
218,"[14, 47, standard]","{lat: 33.70062835445229,lng: -84.44509595193769}","{lat: 33.68285240398286,lng: -84.59683471645964}",false
219,"[6, 52, standard]","{lat: 33.71341109337316,lng: -84.37912616747647}","{lat: 33.677942120087835,lng: -84.53000329746995}",false
220,"[15, 66, standard]","{lat: 33.74666856941207,lng: -84.43681160294715}","{lat: 33.85209929768328,lng: -84.35936023275187}",false
221,"[6, 70, standard]","{lat: 33.70385348727133,lng: -84.33610899644738}","{lat: 33.61934011304265,lng: -84.32723758656519}",false
222,"[10, 76, standard]","{lat: 33.81873998868352,lng: -84.40381855801387}","{lat: 33.9582393032982,lng: -84.36501589814722}",false
223,"[3, 25, standard]","{lat: 33.7894675079563,lng: -84.42776015390467}","{lat: 33.72392273253877,lng: -84.4336173646729}",false
224,"[18, 23, standard]","{lat: 33.829936227718456,lng: -84.34415087332827}","{lat: 33.85043779028718,lng: -84.33380006424042}",true
225,"[11, 6, standard]","{lat: 33.7089883167993,lng: -84.40083557049569}","{lat: 33.87389764933103,lng: -84.35084163674377}",false
226,"[5, 77, standard]","{lat: 33.72383528539018,lng: -84.30683020322606}","{lat: 33.82786918998945,lng: -84.26265634675319}",false
227,"[20, 69, standard]","{lat: 33.784057931974395,lng: -84.36860980734788}","{lat: 33.73566583927199,lng: -84.37119992118022}",false
228,"[23, 24, standard]","{lat: 33.77426898298513,lng: -84.42077597791028}","{lat: 33.63049877026742,lng: -84.35717927711647}",false
229,"[16, 4, standard]","{lat: 33.779486688419084,lng: -84.43918444401457}","{lat: 33.66306626982651,lng: -84.48906061724004}",false
230,"[7, 33, standard]","{lat: 33.74254262186153,lng: -84.32920761788701}","{lat: 33.889380878468685,lng: -84.25262152678782}",false
231,"[5, 65, standard]","{lat: 33.79985501286485,lng: -84.39791060978311}","{lat: 33.82492957709331,lng: -84.24459897880436}",false
232,"[10, 44, standard]","{lat: 33.753983298105766,lng: -84.40756376457941}","{lat: 33.796406111841726,lng: -84.3992551355639}",false
233,"[13, 45, standard]","{lat: 33.763371914950085,lng: -84.42756051309253}","{lat: 33.64009575480938,lng: -84.38972777835073}",false
234,"[3, 2, standard]","{lat: 33.71209377375386,lng: -84.39696317085107}","{lat: 33.68811099390919,lng: -84.45701987225897}",false
235,"[15, 35, standard]","{lat: 33.698731036836456,lng: -84.35348075385794}","{lat: 33.80323026923517,lng: -84.33447948159582}",false
236,"[9, 12, standard]","{lat: 33.83538040126722,lng: -84.39650280002039}","{lat: 33.7331600395585,lng: -84.46002776945248}",false
237,"[20, 55, standard]","{lat: 33.80472140923198,lng: -84.3799539451726}","{lat: 33.843882606333054,lng: -84.48016445081477}",false
238,"[21, 73, standard]","{lat: 33.77674979468813,lng: -84.44988974565508}","{lat: 33.75765459812462,lng: -84.46737012400791}",false
239,"[4, 50, standard]","{lat: 33.82124528680373,lng: -84.36647634930674}","{lat: 33.867661857030875,lng: -84.31206194658894}",false
240,"[11, 9, standard]","{lat: 33.79061197171154,lng: -84.36687626258012}","{lat: 33.61506030377363,lng: -84.4012222461739}",false
241,"[14, 64, standard]","{lat: 33.72221313118224,lng: -84.38523643859398}","{lat: 33.83104155929324,lng: -84.43233467436539}",false
242,"[3, 10, standard]","{lat: 33.815768585135785,lng: -84.36798992991578}","{lat: 33.94321079318992,lng: -84.42230771267499}",false
243,"[8, 59, standard]","{lat: 33.79620118950671,lng: -84.45140674643729}","{lat: 33.7685321194866,lng: -84.48720658877147}",false
244,"[20, 9, standard]","{lat: 33.78237894874982,lng: -84.41314711402623}","{lat: 33.638698272582246,lng: -84.51830720475974}",false
245,"[14, 41, standard]","{lat: 33.67893865730784,lng: -84.35838219622877}","{lat: 33.5575655264276,lng: -84.40173285523595}",false
246,"[6, 74, standard]","{lat: 33.694839923106265,lng: -84.35416079664054}","{lat: 33.555233128581165,lng: -84.32966850910549}",false
247,"[15, 48, standard]","{lat: 33.706083055384774,lng: -84.43705254232188}","{lat: 33.661063103549175,lng: -84.51864567035557}",false
248,"[7, 6, standard]","{lat: 33.696157736585505,lng: -84.41234343861835}","{lat: 33.56846709410395,lng: -84.45779419444845}",false
249,"[5, 8, standard]","{lat: 33.733439565419395,lng: -84.361337817876}","{lat: 33.87603308362921,lng: -84.46733584631278}",false
250,"[13, 73, standard]","{lat: 33.709283322652155,lng: -84.46464814048078}","{lat: 33.82446118711795,lng: -84.3829849298477}",false
251,"[24, 12, standard]","{lat: 33.81821255172636,lng: -84.41354907925361}","{lat: 33.737847631586384,lng: -84.35872876479945}",false
252,"[12, 39, standard]","{lat: 33.78513390148284,lng: -84.40440186542622}","{lat: 33.81007773854969,lng: -84.51806395115634}",false
253,"[20, 31, standard]","{lat: 33.76650629058063,lng: -84.45197101753433}","{lat: 33.66567833453721,lng: -84.52450777150274}",false
254,"[16, 17, standard]","{lat: 33.79994026909468,lng: -84.38705605242983}","{lat: 33.66962851986124,lng: -84.37848608991465}",true
255,"[11, 53, standard]","{lat: 33.68313401792909,lng: -84.41974139639001}","{lat: 33.735339926153934,lng: -84.39866149167668}",true
256,"[22, 14, standard]","{lat: 33.750855618525,lng: -84.2999329980563}","{lat: 33.74171053789704,lng: -84.2731046134634}",true
257,"[9, 23, standard]","{lat: 33.7673688151769,lng: -84.30881680754513}","{lat: 33.785163899954675,lng: -84.23866166381733}",false
258,"[6, 14, standard]","{lat: 33.680610500333145,lng: -84.38746499768787}","{lat: 33.63086675224173,lng: -84.49715102199781}",false
259,"[22, 55, standard]","{lat: 33.688194683668854,lng: -84.3493775026767}","{lat: 33.694600381421246,lng: -84.382230695755}",false
260,"[17, 42, standard]","{lat: 33.78899192543273,lng: -84.32553342912398}","{lat: 33.69127628772952,lng: -84.29798711965448}",false
261,"[15, 9, standard]","{lat: 33.70063035581569,lng: -84.38204958609677}","{lat: 33.7234173178738,lng: -84.2544610103286}",false
262,"[10, 66, standard]","{lat: 33.807756061924245,lng: -84.41521806476408}","{lat: 33.68245786003251,lng: -84.49795630335322}",false
263,"[24, 23, standard]","{lat: 33.7125818068448,lng: -84.4573794612369}","{lat: 33.626447436800156,lng: -84.35925807389759}",false
264,"[13, 5, standard]","{lat: 33.69511977770531,lng: -84.40307351173448}","{lat: 33.569545116356075,lng: -84.3628593563298}",false
265,"[13, 10, standard]","{lat: 33.68615353934788,lng: -84.35067962627414}","{lat: 33.57761870112527,lng: -84.47399934126679}",false
266,"[14, 62, standard]","{lat: 33.672790618454464,lng: -84.3809321451976}","{lat: 33.635228420709055,lng: -84.50280997159483}",false
267,"[21, 76, standard]","{lat: 33.75940284885522,lng: -84.40467770600074}","{lat: 33.74360115893573,lng: -84.46287803064877}",false
268,"[5, 39, standard]","{lat: 33.789125026273595,lng: -84.36677697956571}","{lat: 33.66336355995571,lng: -84.33803730753301}",false
269,"[15, 60, standard]","{lat: 33.70548449990384,lng: -84.31900077183428}","{lat: 33.611259802553704,lng: -84.46483710833363}",false
270,"[23, 19, standard]","{lat: 33.767446444731654,lng: -84.37612501063573}","{lat: 33.71597442277558,lng: -84.44635483687954}",false
271,"[21, 58, standard]","{lat: 33.761918725845206,lng: -84.38573267940552}","{lat: 33.638355105245424,lng: -84.39538988289617}",false
272,"[10, 16, standard]","{lat: 33.769300557565565,lng: -84.34508323751213}","{lat: 33.92181269795749,lng: -84.33798716639585}",false
273,"[10, 62, standard]","{lat: 33.717464784352245,lng: -84.43976205900546}","{lat: 33.70128750120728,lng: -84.29546349755104}",false
274,"[12, 53, standard]","{lat: 33.73205343197969,lng: -84.33947230115503}","{lat: 33.588982035489195,lng: -84.26050218186539}",false
275,"[1, 37, standard]","{lat: 33.77560322026855,lng: -84.32417735882207}","{lat: 33.678769889572074,lng: -84.42347641392395}",false
276,"[20, 32, standard]","{lat: 33.789087483715676,lng: -84.31877100227862}","{lat: 33.73657444596236,lng: -84.47967224420935}",false
277,"[20, 47, standard]","{lat: 33.77933800160688,lng: -84.41874858731673}","{lat: 33.80455837650689,lng: -84.35366980247923}",false
278,"[11, 13, standard]","{lat: 33.74842983339146,lng: -84.30624577967203}","{lat: 33.72296833674853,lng: -84.31482620406216}",false
279,"[14, 48, standard]","{lat: 33.72800414033374,lng: -84.31853365544478}","{lat: 33.707036493864926,lng: -84.2318059536164}",false
280,"[5, 48, standard]","{lat: 33.83310977739076,lng: -84.35736002198986}","{lat: 33.952883654866824,lng: -84.47743949459579}",false
281,"[24, 50, standard]","{lat: 33.70844607042492,lng: -84.41927421164377}","{lat: 33.82724240063621,lng: -84.39755613540514}",false
282,"[13, 41, standard]","{lat: 33.71642955081669,lng: -84.40714696571285}","{lat: 33.67351499759723,lng: -84.25287947552387}",false
283,"[3, 57, standard]","{lat: 33.76307784798721,lng: -84.40217551057899}","{lat: 33.836667496670835,lng: -84.47746495245705}",false
284,"[11, 37, standard]","{lat: 33.739481976554,lng: -84.40753921478215}","{lat: 33.70751985413911,lng: -84.49590168463331}",false
285,"[12, 56, standard]","{lat: 33.77488080379852,lng: -84.4425414890494}","{lat: 33.91591781659957,lng: -84.48537833921434}",false
286,"[22, 25, standard]","{lat: 33.80044217012065,lng: -84.41058156287065}","{lat: 33.82501923218189,lng: -84.43115265192668}",true
287,"[20, 66, standard]","{lat: 33.734443084473014,lng: -84.45710419560247}","{lat: 33.77671325224705,lng: -84.39724690092889}",false
288,"[1, 68, standard]","{lat: 33.75056374992968,lng: -84.45788469549039}","{lat: 33.69793836158785,lng: -84.59712673414546}",false
289,"[11, 28, standard]","{lat: 33.766779935140654,lng: -84.37198946195006}","{lat: 33.757428443966155,lng: -84.43214268498342}",false
290,"[14, 30, standard]","{lat: 33.74635693741711,lng: -84.43775800401576}","{lat: 33.899263219155735,lng: -84.38925561952573}",false
291,"[7, 15, standard]","{lat: 33.831338645632144,lng: -84.40821427723901}","{lat: 33.74303320416279,lng: -84.47232764282268}",false
292,"[20, 22, standard]","{lat: 33.734511508804374,lng: -84.32231497618668}","{lat: 33.873905754719665,lng: -84.37069837398742}",false
293,"[13, 36, standard]","{lat: 33.838040421070914,lng: -84.41501714080394}","{lat: 33.95738534719212,lng: -84.46858106784529}",false
294,"[25, 32, standard]","{lat: 33.78814305451457,lng: -84.3582495000039}","{lat: 33.66848565578993,lng: -84.24483484922463}",false
295,"[9, 17, standard]","{lat: 33.68602677622161,lng: -84.35923733161383}","{lat: 33.70046363219119,lng: -84.36131985441337}",false
296,"[8, 25, standard]","{lat: 33.74143926858542,lng: -84.4645261032794}","{lat: 33.61540081116535,lng: -84.39269652089179}",false
297,"[8, 64, standard]","{lat: 33.816070522673364,lng: -84.3536010769876}","{lat: 33.66151759708412,lng: -84.43780785601129}",true
298,"[22, 75, standard]","{lat: 33.674471672734136,lng: -84.37856489448264}","{lat: 33.68946969320565,lng: -84.4433100451187}",false
299,"[6, 26, standard]","{lat: 33.79470074490448,lng: -84.3147099650027}","{lat: 33.769204691752215,lng: -84.45815536897561}",false
300,"[24, 22, standard]","{lat: 33.724003304579355,lng: -84.42071236478209}","{lat: 33.75405981672083,lng: -84.36527418780089}",false
301,"[4, 30, standard]","{lat: 33.75403328605766,lng: -84.29862907754975}","{lat: 33.60948123123231,lng: -84.28606601551398}",false
302,"[2, 29, standard]","{lat: 33.79762992509954,lng: -84.33989202364783}","{lat: 33.624243325733175,lng: -84.31567737795427}",false
303,"[13, 8, standard]","{lat: 33.684441066624416,lng: -84.3896449417667}","{lat: 33.68084735405566,lng: -84.4292468207486}",false
304,"[15, 2, standard]","{lat: 33.83066644349398,lng: -84.36315685578325}","{lat: 33.918708791038306,lng: -84.23555743327418}",false
305,"[6, 65, standard]","{lat: 33.732227893038434,lng: -84.31923100889729}","{lat: 33.56428518799414,lng: -84.2721803958172}",false
306,"[3, 11, standard]","{lat: 33.807043759627874,lng: -84.33779009059181}","{lat: 33.789027045249085,lng: -84.31278477769467}",false
307,"[21, 67, standard]","{lat: 33.803576054123,lng: -84.33028243124043}","{lat: 33.784850625805326,lng: -84.38140092172681}",false
308,"[5, 56, standard]","{lat: 33.81670063164249,lng: -84.32949096924558}","{lat: 33.88367538649046,lng: -84.35620629578312}",false
309,"[10, 71, standard]","{lat: 33.78824196348657,lng: -84.36633526773107}","{lat: 33.83819459251398,lng: -84.52486011884598}",false
310,"[25, 61, standard]","{lat: 33.75310072997351,lng: -84.4397076386674}","{lat: 33.80829913502092,lng: -84.4770810105632}",false
311,"[6, 49, standard]","{lat: 33.82272329269185,lng: -84.38189585829765}","{lat: 33.672161653423565,lng: -84.3880578486249}",false
312,"[10, 14, standard]","{lat: 33.67294390437136,lng: -84.4174684190361}","{lat: 33.71905236132273,lng: -84.44149161864951}",false
313,"[9, 8, standard]","{lat: 33.79957326411443,lng: -84.36632394344731}","{lat: 33.77202477259757,lng: -84.20123542504587}",false
314,"[21, 63, standard]","{lat: 33.77639917893054,lng: -84.38104774981534}","{lat: 33.789029691817284,lng: -84.48409962298962}",false
315,"[1, 42, standard]","{lat: 33.808871498501986,lng: -84.34903028664233}","{lat: 33.859572382299625,lng: -84.28565834819604}",false
316,"[13, 10, standard]","{lat: 33.712841464245344,lng: -84.44609734582956}","{lat: 33.68631398234796,lng: -84.3853616168247}",false
317,"[1, 8, standard]","{lat: 33.68297497259855,lng: -84.43862595299652}","{lat: 33.6809076019871,lng: -84.31995418592042}",false
318,"[5, 27, standard]","{lat: 33.73328761397418,lng: -84.30158187558601}","{lat: 33.83660968938846,lng: -84.2568518521653}",false
319,"[3, 69, standard]","{lat: 33.71725719988421,lng: -84.39524535873201}","{lat: 33.75939763571783,lng: -84.36970052148713}",false
320,"[8, 3, standard]","{lat: 33.71391819332167,lng: -84.4039117744115}","{lat: 33.759193395875535,lng: -84.56291239239211}",false
321,"[19, 3, standard]","{lat: 33.70418957527253,lng: -84.39622129789845}","{lat: 33.60889255525556,lng: -84.31237923506265}",false
322,"[4, 59, standard]","{lat: 33.750334845596484,lng: -84.32185384309676}","{lat: 33.584004893561634,lng: -84.32406918424537}",false
323,"[9, 60, standard]","{lat: 33.75321144451356,lng: -84.37193161106227}","{lat: 33.906435405400146,lng: -84.36080669565881}",false
324,"[4, 31, standard]","{lat: 33.771781446790165,lng: -84.38115230848663}","{lat: 33.68705296992265,lng: -84.39608339245389}",false
325,"[10, 41, standard]","{lat: 33.70456502114741,lng: -84.39670881080832}","{lat: 33.717491684313636,lng: -84.39599354826429}",false
326,"[7, 48, standard]","{lat: 33.75246507041907,lng: -84.36880611780924}","{lat: 33.801723704649156,lng: -84.36960669149302}",false
327,"[3, 46, standard]","{lat: 33.708528921620264,lng: -84.41182512228495}","{lat: 33.69622774879842,lng: -84.34232563554609}",false
328,"[19, 42, standard]","{lat: 33.71033930249315,lng: -84.44169369726443}","{lat: 33.76284282916496,lng: -84.53401921888018}",false
329,"[20, 18, standard]","{lat: 33.66698267459273,lng: -84.3946288049856}","{lat: 33.509446560887824,lng: -84.32437352462672}",false
330,"[8, 16, standard]","{lat: 33.768925584677454,lng: -84.37463601102336}","{lat: 33.842422386648444,lng: -84.33113836762172}",true
331,"[7, 20, standard]","{lat: 33.82928015227023,lng: -84.42919934795628}","{lat: 33.80752382617307,lng: -84.2859941998778}",false
332,"[21, 29, standard]","{lat: 33.77863734125124,lng: -84.35207013405275}","{lat: 33.72021203130359,lng: -84.43207705515012}",false
333,"[13, 51, standard]","{lat: 33.79379179929308,lng: -84.39058530259355}","{lat: 33.63120946216054,lng: -84.44869653335654}",false
334,"[19, 30, standard]","{lat: 33.79352867911238,lng: -84.38001270131652}","{lat: 33.744685885501255,lng: -84.279838923856}",false
335,"[9, 63, standard]","{lat: 33.78022912143124,lng: -84.47248760748691}","{lat: 33.705155552788504,lng: -84.46296899514604}",false
336,"[7, 34, standard]","{lat: 33.78878828025145,lng: -84.46806240999446}","{lat: 33.93894359151612,lng: -84.37704303114363}",false
337,"[11, 11, standard]","{lat: 33.72396468696873,lng: -84.43250656581449}","{lat: 33.60047094662676,lng: -84.32992275448801}",false
338,"[24, 52, standard]","{lat: 33.72686329421869,lng: -84.44161176864586}","{lat: 33.769378572657914,lng: -84.51261126965922}",false
339,"[4, 28, standard]","{lat: 33.731638286642166,lng: -84.40922809064958}","{lat: 33.789639316995846,lng: -84.3246417696562}",false
340,"[25, 30, standard]","{lat: 33.83946691470922,lng: -84.3795500254063}","{lat: 33.90629065471046,lng: -84.32944397699232}",false
341,"[12, 3, standard]","{lat: 33.78020084681404,lng: -84.36277865274236}","{lat: 33.805733833311564,lng: -84.2887860700852}",false
342,"[16, 63, standard]","{lat: 33.81786571240903,lng: -84.36491079402352}","{lat: 33.660066152404376,lng: -84.27941564209631}",false
343,"[4, 42, standard]","{lat: 33.710149521266345,lng: -84.39642362794085}","{lat: 33.81032928279564,lng: -84.4256807123649}",false
344,"[11, 32, standard]","{lat: 33.82846002457668,lng: -84.38838439722291}","{lat: 33.791701496059254,lng: -84.54319814556551}",false
345,"[14, 10, standard]","{lat: 33.759783761572464,lng: -84.40194735556528}","{lat: 33.63633766999169,lng: -84.35802974579707}",false
346,"[23, 36, standard]","{lat: 33.74966931254405,lng: -84.42388136380198}","{lat: 33.735374028876905,lng: -84.41380973433496}",false
347,"[17, 58, standard]","{lat: 33.78277967269587,lng: -84.37336631407186}","{lat: 33.656486118589804,lng: -84.50037430133646}",false
348,"[20, 31, standard]","{lat: 33.719902499589345,lng: -84.46518733829325}","{lat: 33.56507971446908,lng: -84.54474278083265}",false
349,"[17, 47, standard]","{lat: 33.753047203475,lng: -84.29815959816833}","{lat: 33.62509040502105,lng: -84.32772764710917}",false
350,"[12, 56, standard]","{lat: 33.77577814970404,lng: -84.465818822202}","{lat: 33.61299353771632,lng: -84.53263600524235}",false
351,"[15, 49, standard]","{lat: 33.82002342205289,lng: -84.40505962936416}","{lat: 33.86331909153224,lng: -84.4514221507306}",false
352,"[6, 37, standard]","{lat: 33.70940245731897,lng: -84.44931497181493}","{lat: 33.66716710756294,lng: -84.3016087046668}",false
353,"[21, 28, standard]","{lat: 33.7879098319029,lng: -84.36916234806976}","{lat: 33.70196953576152,lng: -84.44297113488427}",false
354,"[16, 49, standard]","{lat: 33.73553865806302,lng: -84.47117312198569}","{lat: 33.88845601873201,lng: -84.53244699447504}",false
355,"[1, 74, standard]","{lat: 33.75341596771462,lng: -84.38182781930398}","{lat: 33.66111995572152,lng: -84.34711011971181}",false
356,"[2, 54, standard]","{lat: 33.73437220897106,lng: -84.4332259450111}","{lat: 33.71393859150772,lng: -84.29330777620763}",false
357,"[1, 48, standard]","{lat: 33.73807097505199,lng: -84.37723391064323}","{lat: 33.876047117221454,lng: -84.29131791716185}",false
358,"[2, 78, standard]","{lat: 33.70762785973867,lng: -84.36708475005369}","{lat: 33.667543714566406,lng: -84.45427661299053}",false
359,"[2, 29, standard]","{lat: 33.790300933037365,lng: -84.34177171131385}","{lat: 33.70177425336893,lng: -84.23552568561274}",false
360,"[25, 50, standard]","{lat: 33.760100991160925,lng: -84.42087166202836}","{lat: 33.89162410515877,lng: -84.44729030385886}",false
361,"[24, 21, standard]","{lat: 33.694168473278175,lng: -84.3272137219916}","{lat: 33.81800975492615,lng: -84.21880423660794}",false
362,"[13, 37, standard]","{lat: 33.763824938671846,lng: -84.38350781150129}","{lat: 33.72708890437984,lng: -84.22058317353245}",false
363,"[13, 50, standard]","{lat: 33.716554189407866,lng: -84.35706209039746}","{lat: 33.73372694928209,lng: -84.22445262138602}",false
364,"[15, 72, standard]","{lat: 33.696145156943956,lng: -84.34140534961655}","{lat: 33.64574497628206,lng: -84.46121802518452}",false
365,"[2, 42, standard]","{lat: 33.67256153020827,lng: -84.37228551073096}","{lat: 33.6729480504997,lng: -84.19872275110349}",false
366,"[7, 75, standard]","{lat: 33.770705754103446,lng: -84.37884376302519}","{lat: 33.833562293350475,lng: -84.2592821147278}",false
367,"[13, 71, standard]","{lat: 33.78725871510587,lng: -84.39963935593667}","{lat: 33.9622376876418,lng: -84.38030839496092}",false
368,"[15, 61, standard]","{lat: 33.78984280276759,lng: -84.32836744605918}","{lat: 33.71390037592319,lng: -84.2968701281815}",false
369,"[25, 75, standard]","{lat: 33.741791788973856,lng: -84.31093273869382}","{lat: 33.71023879500208,lng: -84.2104655677765}",false
370,"[13, 39, standard]","{lat: 33.797524434185355,lng: -84.37987022778108}","{lat: 33.93028040661542,lng: -84.44969072714872}",false
371,"[1, 69, standard]","{lat: 33.68662947107175,lng: -84.33094505598402}","{lat: 33.79627669921374,lng: -84.47299652613823}",false
372,"[12, 57, standard]","{lat: 33.67773256340374,lng: -84.42704280438284}","{lat: 33.56845643347433,lng: -84.45145747500095}",false
373,"[16, 52, standard]","{lat: 33.73490909247629,lng: -84.37133944282981}","{lat: 33.7666114372016,lng: -84.23839457960186}",false
374,"[14, 24, standard]","{lat: 33.72023355097293,lng: -84.31196155239866}","{lat: 33.838140792248346,lng: -84.37371364883143}",false
375,"[24, 73, standard]","{lat: 33.69417511642609,lng: -84.40310686031988}","{lat: 33.61071995086647,lng: -84.33345353423182}",false
376,"[20, 35, standard]","{lat: 33.7571387784407,lng: -84.33629012584431}","{lat: 33.72257906304536,lng: -84.16716005546132}",true
377,"[22, 9, standard]","{lat: 33.81160698766371,lng: -84.37083617321542}","{lat: 33.785843377991384,lng: -84.20016158943686}",false
378,"[18, 50, standard]","{lat: 33.7250369453618,lng: -84.401629273842}","{lat: 33.6134979182649,lng: -84.4539120326452}",false
379,"[11, 41, standard]","{lat: 33.77021560864497,lng: -84.3148175628038}","{lat: 33.851127098801015,lng: -84.31183549441396}",false
380,"[24, 13, standard]","{lat: 33.67812688440868,lng: -84.36037493332468}","{lat: 33.670597148989046,lng: -84.28265576918304}",false
381,"[11, 46, standard]","{lat: 33.69725239679483,lng: -84.35492570207114}","{lat: 33.80091603031413,lng: -84.41913733434747}",true
382,"[2, 4, standard]","{lat: 33.71185740904116,lng: -84.34210701627246}","{lat: 33.84818174854604,lng: -84.30814369945038}",false
383,"[13, 7, standard]","{lat: 33.718205296125866,lng: -84.39362845653079}","{lat: 33.62408886003688,lng: -84.52742431645588}",false
384,"[9, 78, standard]","{lat: 33.66860594370346,lng: -84.36706975049674}","{lat: 33.69654986998004,lng: -84.23950693258338}",false
385,"[3, 38, standard]","{lat: 33.756525760880656,lng: -84.4028371347392}","{lat: 33.62965589526731,lng: -84.34601536797751}",false
386,"[12, 43, standard]","{lat: 33.75963995032257,lng: -84.34414599048877}","{lat: 33.71404195694078,lng: -84.49805344871268}",false
387,"[12, 47, standard]","{lat: 33.751553572957846,lng: -84.4202356148068}","{lat: 33.7319645375106,lng: -84.37502170166623}",false
388,"[19, 41, standard]","{lat: 33.7457511462463,lng: -84.45212292195308}","{lat: 33.753263318919934,lng: -84.54147309708432}",false
389,"[17, 48, standard]","{lat: 33.71311356609118,lng: -84.37061412042084}","{lat: 33.697842629634586,lng: -84.30120630671215}",false
390,"[1, 56, standard]","{lat: 33.76259401824181,lng: -84.41364273059553}","{lat: 33.8377431602964,lng: -84.56954215229291}",true
391,"[23, 62, standard]","{lat: 33.680844712370025,lng: -84.39062464625036}","{lat: 33.783829528980675,lng: -84.32637756223822}",false
392,"[3, 38, standard]","{lat: 33.69512896254137,lng: -84.3716569335722}","{lat: 33.71012347654184,lng: -84.33467331345267}",false
393,"[2, 18, standard]","{lat: 33.822375284359396,lng: -84.3363566524086}","{lat: 33.94438577641349,lng: -84.31095045233285}",false
394,"[19, 28, standard]","{lat: 33.677725422415605,lng: -84.38656570571266}","{lat: 33.62023626471626,lng: -84.55566789367744}",false
395,"[13, 2, standard]","{lat: 33.84147521118351,lng: -84.40837070513093}","{lat: 33.87263902744723,lng: -84.31119157115515}",false
396,"[24, 19, standard]","{lat: 33.733860428554586,lng: -84.31822958334465}","{lat: 33.658046449409824,lng: -84.21255673145875}",false
397,"[20, 34, standard]","{lat: 33.77151981711201,lng: -84.3470738426615}","{lat: 33.75493231686071,lng: -84.26377457666528}",false
398,"[5, 47, standard]","{lat: 33.7304208434556,lng: -84.30764315702172}","{lat: 33.73694201632805,lng: -84.13270216091517}",false
399,"[2, 48, standard]","{lat: 33.80293144665625,lng: -84.45623613772489}","{lat: 33.8861602414138,lng: -84.31425287515758}",false
400,"[15, 76, standard]","{lat: 33.792572590610135,lng: -84.3798353389697}","{lat: 33.95152153453246,lng: -84.40954547782627}",false
401,"[4, 18, standard]","{lat: 33.677584989115324,lng: -84.41245239141286}","{lat: 33.66524817858728,lng: -84.39975136389694}",false
402,"[10, 2, standard]","{lat: 33.70726175112679,lng: -84.41578336838452}","{lat: 33.579991012049966,lng: -84.52866214168618}",false
403,"[16, 23, standard]","{lat: 33.77440213884299,lng: -84.44053881452633}","{lat: 33.72683008278651,lng: -84.28706914978707}",false
404,"[2, 65, standard]","{lat: 33.824805719385004,lng: -84.43509431447204}","{lat: 33.79493503627513,lng: -84.59251209516445}",false
405,"[24, 18, standard]","{lat: 33.712302486747426,lng: -84.36233237179088}","{lat: 33.7535616718484,lng: -84.2665831984167}",false
406,"[4, 66, standard]","{lat: 33.760916223501866,lng: -84.4310471196912}","{lat: 33.77364473631804,lng: -84.28738656038561}",false
407,"[19, 19, standard]","{lat: 33.70008500798422,lng: -84.45736268951201}","{lat: 33.808712072319274,lng: -84.49659272644858}",false
408,"[19, 9, standard]","{lat: 33.74149507682426,lng: -84.39708873562772}","{lat: 33.71248809508737,lng: -84.48169007373768}",false
409,"[20, 43, standard]","{lat: 33.79435714421033,lng: -84.41200760223224}","{lat: 33.68757883032329,lng: -84.2932579868201}",false
410,"[12, 18, standard]","{lat: 33.7296140392461,lng: -84.32437374572754}","{lat: 33.59354635629829,lng: -84.24836101084026}",false
411,"[6, 3, standard]","{lat: 33.751186992762804,lng: -84.32508634672044}","{lat: 33.68084222140792,lng: -84.42152629763503}",false
412,"[5, 27, standard]","{lat: 33.8322065595396,lng: -84.35536771155995}","{lat: 33.874632156142084,lng: -84.50476561321146}",false
413,"[23, 39, standard]","{lat: 33.764353380062424,lng: -84.45637963300966}","{lat: 33.7911903146515,lng: -84.4014162463279}",false
414,"[5, 76, standard]","{lat: 33.74086065649662,lng: -84.34714486548881}","{lat: 33.69068263371194,lng: -84.46660443770793}",false
415,"[1, 13, standard]","{lat: 33.83851015087034,lng: -84.41322490610725}","{lat: 33.71578394376834,lng: -84.49746727156065}",false
416,"[5, 37, standard]","{lat: 33.737301359363734,lng: -84.39290953836827}","{lat: 33.78485187329122,lng: -84.2273293483786}",false
417,"[6, 70, standard]","{lat: 33.777358414045715,lng: -84.4417386722668}","{lat: 33.82400726188923,lng: -84.48207405956786}",false
418,"[7, 31, standard]","{lat: 33.73875657774529,lng: -84.4629667184228}","{lat: 33.67611185550815,lng: -84.38195054683422}",false
419,"[25, 58, standard]","{lat: 33.750294724976186,lng: -84.47001629158015}","{lat: 33.767390491092684,lng: -84.39444915373991}",false
420,"[11, 16, standard]","{lat: 33.733800839990835,lng: -84.43121574070344}","{lat: 33.853352717502055,lng: -84.49774142568572}",false
421,"[13, 5, standard]","{lat: 33.81558057020327,lng: -84.43835348095216}","{lat: 33.90389459074778,lng: -84.35599486591524}",false
422,"[8, 69, standard]","{lat: 33.80688436695342,lng: -84.43028058296501}","{lat: 33.679736342052806,lng: -84.48396354001031}",false
423,"[18, 30, standard]","{lat: 33.7043465366688,lng: -84.38872220630272}","{lat: 33.549245148384664,lng: -84.38521911038822}",false
424,"[14, 55, standard]","{lat: 33.72694933237968,lng: -84.39477640980674}","{lat: 33.817370202537916,lng: -84.53280558562102}",false
425,"[4, 21, standard]","{lat: 33.75112763814893,lng: -84.45090283986511}","{lat: 33.84523285576637,lng: -84.32866032121191}",false
426,"[6, 10, standard]","{lat: 33.73803943964394,lng: -84.47036270563596}","{lat: 33.838754761992504,lng: -84.52612861394893}",false
427,"[25, 4, standard]","{lat: 33.67039769038754,lng: -84.40642259667266}","{lat: 33.737379993621474,lng: -84.26451956893632}",false
428,"[5, 71, standard]","{lat: 33.74831527492158,lng: -84.36595027364416}","{lat: 33.83204714318602,lng: -84.46882509205632}",false
429,"[9, 52, standard]","{lat: 33.68605422534648,lng: -84.38061231823941}","{lat: 33.694710769743764,lng: -84.30321681613634}",false
430,"[4, 13, standard]","{lat: 33.77972143113539,lng: -84.3451091484626}","{lat: 33.638498348535045,lng: -84.34105908533867}",false
431,"[14, 3, standard]","{lat: 33.6972022543278,lng: -84.34901497548073}","{lat: 33.8183524003189,lng: -84.31406879189312}",false
432,"[12, 47, standard]","{lat: 33.72736447443175,lng: -84.32234920098908}","{lat: 33.60461610215992,lng: -84.2795393541302}",false
433,"[20, 69, standard]","{lat: 33.685896192284645,lng: -84.4209916455622}","{lat: 33.81199300982461,lng: -84.3362703568474}",false
434,"[16, 3, standard]","{lat: 33.82992478156993,lng: -84.34225791759945}","{lat: 33.70745200667943,lng: -84.45473809514306}",false
435,"[15, 5, standard]","{lat: 33.806420720750495,lng: -84.45099261715967}","{lat: 33.92112526072623,lng: -84.48471104968462}",false
436,"[16, 70, standard]","{lat: 33.82609630106022,lng: -84.36387680643601}","{lat: 33.803645529419626,lng: -84.48871970593203}",false
437,"[7, 47, standard]","{lat: 33.79034592945725,lng: -84.41984359338352}","{lat: 33.75517161113374,lng: -84.50618781161775}",false
438,"[21, 19, standard]","{lat: 33.74708607135151,lng: -84.31154296554116}","{lat: 33.865930681171186,lng: -84.37657262012799}",false
439,"[24, 7, standard]","{lat: 33.778295311942074,lng: -84.42966560273416}","{lat: 33.804385693061,lng: -84.50089535453893}",true
440,"[9, 15, standard]","{lat: 33.76337611089923,lng: -84.32842514651382}","{lat: 33.62048867101573,lng: -84.25725609685882}",false
441,"[21, 59, standard]","{lat: 33.76796201267883,lng: -84.39834114251686}","{lat: 33.77780691762194,lng: -84.29005653404867}",false
442,"[15, 39, standard]","{lat: 33.72550641469212,lng: -84.37277243028414}","{lat: 33.639127926497395,lng: -84.41878725682781}",false
443,"[15, 73, standard]","{lat: 33.737597438895136,lng: -84.36061728070112}","{lat: 33.7231909079787,lng: -84.44184182502505}",false
444,"[23, 21, standard]","{lat: 33.82248509996084,lng: -84.37862924314487}","{lat: 33.85846834595288,lng: -84.41418490519149}",false
445,"[8, 25, standard]","{lat: 33.78650673343099,lng: -84.34461841048831}","{lat: 33.64862010413055,lng: -84.3812074765052}",false
446,"[22, 57, standard]","{lat: 33.78081476147856,lng: -84.44331790493041}","{lat: 33.88847171525805,lng: -84.51554777289685}",false
447,"[6, 45, standard]","{lat: 33.75274210727583,lng: -84.4433025941657}","{lat: 33.91060632807521,lng: -84.41840978772008}",false
448,"[25, 55, standard]","{lat: 33.756644656830346,lng: -84.47368209447735}","{lat: 33.59515880155552,lng: -84.40196269749673}",false
449,"[13, 53, standard]","{lat: 33.8362643266912,lng: -84.35116242826993}","{lat: 33.958994354236594,lng: -84.23216655102668}",false
450,"[8, 25, standard]","{lat: 33.75156313838819,lng: -84.30962223228906}","{lat: 33.88072748231608,lng: -84.26549706858394}",false
451,"[11, 56, standard]","{lat: 33.833001559594415,lng: -84.37252198531195}","{lat: 33.952624438043514,lng: -84.36917820426136}",false
452,"[15, 67, standard]","{lat: 33.779016359901576,lng: -84.43162771179081}","{lat: 33.92347267244598,lng: -84.5329194607024}",false
453,"[20, 54, standard]","{lat: 33.78903036614622,lng: -84.37294122728109}","{lat: 33.667033479910344,lng: -84.31132238376419}",false
454,"[14, 14, standard]","{lat: 33.79255189157719,lng: -84.38003690694082}","{lat: 33.88448782973996,lng: -84.37333557279655}",false
455,"[23, 45, standard]","{lat: 33.70062543919564,lng: -84.435628177901}","{lat: 33.614974973492615,lng: -84.40087024219338}",false
456,"[11, 23, standard]","{lat: 33.73938677363478,lng: -84.46935034977209}","{lat: 33.850134641892225,lng: -84.45820009475648}",false
457,"[12, 47, standard]","{lat: 33.68697564152506,lng: -84.37910324301863}","{lat: 33.58399784824491,lng: -84.50648743240474}",false
458,"[18, 35, standard]","{lat: 33.70414353558132,lng: -84.33000167111287}","{lat: 33.54836647275528,lng: -84.29082556132965}",false
459,"[8, 21, standard]","{lat: 33.73251149197648,lng: -84.3141572835791}","{lat: 33.85431372581315,lng: -84.3839638228277}",false
460,"[1, 34, standard]","{lat: 33.70675031238699,lng: -84.33291908085398}","{lat: 33.72999044388931,lng: -84.2259128238152}",false
461,"[21, 29, standard]","{lat: 33.78946070139656,lng: -84.35819385342566}","{lat: 33.83539730119824,lng: -84.44370161018173}",false
462,"[7, 27, standard]","{lat: 33.777239719269566,lng: -84.41969709026804}","{lat: 33.75083653048647,lng: -84.35847008762553}",true
463,"[15, 25, standard]","{lat: 33.676888845888236,lng: -84.42770548243088}","{lat: 33.72885194955557,lng: -84.54633939813922}",false
464,"[18, 66, standard]","{lat: 33.723503661683154,lng: -84.46748567879935}","{lat: 33.63703686364822,lng: -84.56775884243378}",false
465,"[14, 15, standard]","{lat: 33.81123263469659,lng: -84.32325233796493}","{lat: 33.95081639682229,lng: -84.29362465437187}",false
466,"[17, 12, standard]","{lat: 33.73922355444042,lng: -84.45057368899147}","{lat: 33.80431115673044,lng: -84.45294616440636}",false
467,"[17, 68, standard]","{lat: 33.74863814162209,lng: -84.46532313767295}","{lat: 33.90069486468652,lng: -84.50913042744305}",false
468,"[11, 58, standard]","{lat: 33.78832470382011,lng: -84.44416548385459}","{lat: 33.95231803946295,lng: -84.45003233162107}",false
469,"[16, 18, standard]","{lat: 33.68617782491692,lng: -84.42750338887608}","{lat: 33.74911996508625,lng: -84.50453131986703}",false
470,"[25, 68, standard]","{lat: 33.71651702618717,lng: -84.38961128848158}","{lat: 33.728817310505356,lng: -84.55961659937043}",false
471,"[12, 42, standard]","{lat: 33.73589920650845,lng: -84.45983721916545}","{lat: 33.68317379353059,lng: -84.52235118336013}",false
472,"[18, 2, standard]","{lat: 33.74098899304583,lng: -84.36492471981057}","{lat: 33.8990285246099,lng: -84.44072945533266}",false
473,"[20, 28, standard]","{lat: 33.762731777529744,lng: -84.36908918972591}","{lat: 33.60195018504829,lng: -84.44388027666163}",false
474,"[10, 58, standard]","{lat: 33.747611806430825,lng: -84.37386309046607}","{lat: 33.91632506027308,lng: -84.37639895512271}",false
475,"[15, 71, standard]","{lat: 33.77575257061656,lng: -84.4739303121047}","{lat: 33.8592118062481,lng: -84.59884472579243}",false
476,"[11, 23, standard]","{lat: 33.757507098707286,lng: -84.35451230923874}","{lat: 33.73912620143715,lng: -84.20028279878412}",true
477,"[7, 70, standard]","{lat: 33.74033686324472,lng: -84.3136855133102}","{lat: 33.80034627575644,lng: -84.46452989984634}",false
478,"[1, 40, standard]","{lat: 33.820606584664795,lng: -84.35617446511348}","{lat: 33.81158466395893,lng: -84.37428512053071}",false
479,"[19, 51, standard]","{lat: 33.757284078528606,lng: -84.34893389267178}","{lat: 33.822711110797044,lng: -84.30644631679627}",false
480,"[11, 32, standard]","{lat: 33.840949005748904,lng: -84.3936570600936}","{lat: 33.94368803453303,lng: -84.47769847842558}",false
481,"[24, 68, standard]","{lat: 33.6925683952749,lng: -84.36904874069337}","{lat: 33.54761616551954,lng: -84.40376427902683}",false
482,"[9, 45, standard]","{lat: 33.718495796213446,lng: -84.42511576253077}","{lat: 33.78065399648453,lng: -84.56327465355554}",false
483,"[4, 77, standard]","{lat: 33.73972888011938,lng: -84.46552990178567}","{lat: 33.84503255606104,lng: -84.44155250273997}",false
484,"[17, 5, standard]","{lat: 33.76194705957673,lng: -84.32973704044278}","{lat: 33.65434285918605,lng: -84.40101640938131}",false
485,"[21, 19, standard]","{lat: 33.79570105729449,lng: -84.31964673846835}","{lat: 33.62649095533716,lng: -84.36633746780018}",false
486,"[18, 73, standard]","{lat: 33.77387679663978,lng: -84.44005730975431}","{lat: 33.79703343831252,lng: -84.38839282521607}",false
487,"[21, 61, standard]","{lat: 33.76815235218862,lng: -84.37479305923021}","{lat: 33.916720900650034,lng: -84.47103723844047}",false
488,"[21, 67, standard]","{lat: 33.70419556939995,lng: -84.41634300573776}","{lat: 33.65766284972607,lng: -84.46181245261371}",false
489,"[17, 30, standard]","{lat: 33.715588390860894,lng: -84.40006925727491}","{lat: 33.744627980961084,lng: -84.43594979325587}",false
490,"[15, 43, standard]","{lat: 33.80681055244866,lng: -84.44097387700883}","{lat: 33.63353121414432,lng: -84.42360966454495}",false
491,"[8, 53, standard]","{lat: 33.71726285449354,lng: -84.39808957439503}","{lat: 33.809601762343426,lng: -84.40781431640285}",false
492,"[11, 17, standard]","{lat: 33.77474677240813,lng: -84.30220514898978}","{lat: 33.77362386672571,lng: -84.32361214040456}",false
493,"[7, 54, standard]","{lat: 33.840908355440654,lng: -84.37280445473667}","{lat: 33.89143407925823,lng: -84.32023722269278}",false
494,"[7, 35, standard]","{lat: 33.80147892834453,lng: -84.41249682672087}","{lat: 33.63981682648423,lng: -84.4825895035268}",false
495,"[3, 46, standard]","{lat: 33.74442016296307,lng: -84.30014971603008}","{lat: 33.86917115350218,lng: -84.38016089935962}",false
496,"[20, 2, standard]","{lat: 33.81296866986092,lng: -84.39356354927824}","{lat: 33.86932684076654,lng: -84.39219164460734}",true
497,"[3, 66, standard]","{lat: 33.73430856408956,lng: -84.37809960712752}","{lat: 33.74380600970663,lng: -84.5461070908918}",false
498,"[6, 27, standard]","{lat: 33.81427682287188,lng: -84.349199967228}","{lat: 33.96908775685294,lng: -84.35633573860628}",false
499,"[13, 64, standard]","{lat: 33.74108294842904,lng: -84.29913853167062}","{lat: 33.8336190520655,lng: -84.17250396544627}",false
500,"[19, 8, standard]","{lat: 33.711385450757376,lng: -84.32468862098088}","{lat: 33.87600102807924,lng: -84.38937349881309}",false
